"1 Daily Deal","http://www.1dailydeal.com/","Out of service","?","N",,"N",,
"1 Day Sports","http://www.1daysports.com/","Done","Outdoors / Sports","N",,"N",,
"1 Sale A Day","https://1saleaday.com/","Done","?","Y","http://feeds.feedburner.com/1saleaday","N",,
"1 Sale A Day Family","https://1saleaday.com/family","Done","?","Y","http://feeds.feedburner.com/1saleaday","N",,
"1 Sale A Day Jewelry","https://1saleaday.com/jewelry","Done","Clothing / Jewelry","Y","http://feeds.feedburner.com/1saleaday","N",,
"1 Sale A Day Watch","https://1saleaday.com/watch","Done","Clothing / Jewelry","Y","http://feeds.feedburner.com/1saleaday","N",,
"1 Sale A Day Wireless","https://1saleaday.com/wireless","Done","Electronics / Computers","Y","http://feeds.feedburner.com/1saleaday","N",,
"13 Deals","http://www.13deals.com/","Done","?","N",,"N",,"Multiple deals - see site"
"13 Deals Pets","http://pets.13deals.com/","Done","Household","N",,"N",,"Multiple deals - see site"
"2 Daily Deals","http://www.2dailydeals.com/","Done",,"Y","http://www.2dailydeals.com/todaydeal.php","N",,
"2Days Bargain","http://www.2daysbargain.com/","Done","Electronics / Computers","Y","http://www.2daysbargain.com/resources/rss.php","N",,
"4imprint","http://promotions.4imprint.com/dealoftheday/","Done","?","Y","http://feeds.feedburner.com/TryPromotionalProducts?format=xml","N",,
"5 Star Deal","http://www.5stardeal.com/","Done","?","Y","http://feeds.feedburner.com/5StarDeal?format=xml","N",,
"6th Ave Electronics","http://www.6ave.com/shop/SickDealProduct.aspx","Done","Electronics / Computers","Y","http://feeds2.feedburner.com/SickDeal","N",,
"800-Ski-Shop","http://www.800-ski-shop.com/","Daily Item Not found","Outdoors / Sports","N",,"Y","Avantlink",
"98 Main","http://www.98main.com/","Cannot open with PHP","Outdoors / Sports","Y","http://feeds.feedburner.com/98main/dealfeed?format=xml","N",,
"A Side of Peaches","http://www.asideofpeaches.com/","Done","?","Y","http://www.asideofpeaches.com/index.php?main_page=rss_feed&feed=specials","N",,
"A Steal A Day","http://www.astealaday.com","Under construction","?","N",,"N",,
"A Watch For You","http://awatchforyou.com/","Done","Clothing / Jewelry","N",,"N",,
"Abazias","http://www.abazias.com/dealoftheday.asp","Error parsing","Clothing / Jewelry","N",,"Y","http://www.abazias.com/affiliates/affiliates.asp",
"Abt","http://www.abt.com/","Redirect","Electronics / Computers","N",,"Y","http://www.abt.com/abtAffil.php3",
"Airguns Daily","http://www.airgunsdaily.com/","Done","Outdoors / Sports","N",,"N",,
"Alfred E Bike","http://aebike.com/","Done","Outdoors / Sports","Y","http://feeds.feedburner.com/aebike_dailydeal?format=xml","N",,
"allheart","http://www.allheart.com/","Done","Clothing / Jewelry","Y","http://blog.allheart.com/feed/","N",,
"Alpaca Direct","http://www.alpacadirect.com/results~Sweaters~Clearance~category~26~secondary~2.htm","Daily Item Not found","Clothing / Jewelry","N",,"Y","http://www.alpacadirect.com/show~page~affiliates.htm",
"AlphaShark","http://www.alphashark.com/","Done","?","Y","http://feeds.feedburner.com/AlphaShark-DailyDealRssFeed?format=xml","Y",,
"Altrec","http://www.altrec.com/dealoftheday/signup/static.htm","Done","Outdoors / Sports","N",,"Y","http://www.altrec.com/affiliates/avantlink/static.htm",
"Amazon Freebie","http://www.amazon.com/dp/B004G2LUXO/","Daily Item Not found","?","N",,"N",,
"Amazon Gold Box","http://www.amazon.com/gp/goldbox","Done","?","N",,"Y","https://affiliate-program.amazon.com/join?ld=AZAssocMakeM",
"Amazon MP3","http://www.amazon.com/MP3-Music-Download/b/ref=topnav_storetab_dmusic?ie=UTF8&node=163856011","Daily Item Not found","?","N",,"Y","https://affiliate-program.amazon.com/join?ld=AZAssocMakeM",
"Amazon Video Game","http://www.amazon.com/gp/feature.html/ref=amb_link_85826191_2?ie=UTF8&docId=1000208101&pf_rd_m=ATVPDKIKX0DER&pf_rd_s=right-blog-0&pf_rd_r=1839MMT7K9ZBZ5PT4YEE&pf_rd_t=101&pf_rd_p=1277833802&pf_rd_i=468642","Hard to be Parsed","?","N",,"Y","https://affiliate-program.amazon.com/join?ld=AZAssocMakeM",
"American Musical Supply","http://www.americanmusical.com/RSS_Feeds/Ndnd.aspx","Done","?","Y","http://www.americanmusical.com/RSS_Feeds/ndndfeed.xml","Y","http://www.americanmusical.com/content--name-Affiliate-Program",
"Animal Rescue","https://www.theanimalrescuesite.com/store/item.do?siteId=310&ddSourceId=31841&ddSourceClass=Item","Daily item link always changing","Household","N",,"N",,
"AnimeBug","http://www.animebug.com/","Site not found","Clothing / Jewelry","Y","http://www.animebug.com/dealrss.php","N",,
"Anita's Arts","http://www.anitasarts.com/specials.html","Daily Item Not found","?","N",,"N",,
"Another Smokin' Deal","http://anothersmokingdeal.com/","Done","Outdoors / Sports","Y","http://feeds.feedburner.com/AnotherSmokinDeal","N",,
"Apple DOD","http://appledod.com/","Done","Electronics / Computers","N",,"N",,
"Apress","http://www.apress.com/info/dailydeal","Done","Household","N",,"N",,
"ATG Stores","http://www.atgstores.com/dailyDeals/","Done","Household","N",,"Y","http://www.atgstores.com/affiliates/","Multiple deals - see site"
"Augason Farms","http://www.augasonfarms.com/dealofday","Not enough info on the page","?","N",,"N",,
"AwesomeDeals911","http://www.awesomedeals911.com/Store/Tab.aspx?tabid=1","Site not found","?","N",,"N",,
"azulio","http://www.azulio.com/dailydeal/","Done","Household","N",,"Y","http://www.shareasale.com/shareasale.cfm?merchantID=26041",
"Babs Beads","http://babsbeadwarehouse.dodshops.com/",,"Clothing / Jewelry","N",,"N",,
"Baby Age","http://www.babyage.com/deal_of_the_day.aspx",,"Household","N",,"Y","http://www.babyage.com/babyageaffiliates.htm",
"Baby Half Off","http://www.babyhalfoff.com/",,"Clothing / Jewelry","N",,"N",,
"Baby Steals","http://www.babysteals.com/",,"Clothing / Jewelry","Y","http://www.babysteals.com/feed/atom.xml","N",,
"Back To Basics Toys","http://www.backtobasicstoys.com/item/productid/dealoftheday/",,"Household","N",,"Y","http://www.backtobasicstoys.com/affiliates.aspx",
"Ballistic Reload","http://www.ballisticreload.com/",,"Outdoors / Sports","Y","http://www.ballisticreload.com/feeds/rss.php","Y","http://www.ballisticreload.com/affiliates.php",
"Bargain Bags Daily","http://bargainbagsdaily.com/",,"?","Y","http://feeds.feedburner.com/BargainBagsDailyRssFeed","N",,
"Bargain Station","http://www.bargainstation.com/DailyDeal",,"Electronics / Computers","N",,"Y","http://www.bargainstation.com/ContentPage/28-Become-an-Affiliate",
"Bargaincell","http://www.bargaincell.com/bargaincell_daily_deal.html",,"Electronics / Computers","N",,"Y","http://www.bargaincell.com/index.php?main_page=affiliate_program",
"Barnes & Noble","http://www.barnesandnoble.com/best-deals.asp",,"Household",,,"Y","http://www.barnesandnoble.com/affiliate/index.asp?",
"Bauble of the Day","http://www.baubleoftheday.com/",,"Clothing / Jewelry","N",,"N",,
"BeDeals Midnight","http://www.bedeals.com/index.php/midnight-deal/",,"?","Y","http://www.bedeals.com/index.php/rss/","N",,
"BeDeals Noon","http://www.bedeals.com/index.php/noon-bedeal/",,"?","Y","http://www.bedeals.com/index.php/rss/","N",,
"Best Deal Magazines","http://www.bestdealmagazines.com/deal.asp",,"?","N",,"Y","http://www.shareasale.com/shareasale.cfm?merchantID=9635",
"bfiz","http://www.bfiz.com",,"Clothing / Jewelry","N",,"N",,
"Big Bear Outlet","http://www.bigbearoutlet.com/servlet/StoreFront",,"Outdoors / Sports","N",,"N",,"Multiple deals - see site"
"Big Daily Sale","http://www.bigdailysale.com",,"Electronics / Computers","N",,"N",,
"Big Fat Dad","http://www.bigfatdad.com/",,"Electronics / Computers","Y","http://bigfatdad.com/images/xml/223/rss.xml","N",,
"BikeWagon","http://www.bikewagon.com/",,"Outdoors / Sports","N",,"N",,
"Birkenstock Express","http://www.birkenstockexpress.com/Outlet/birkenstock-deal-of-the-day.cfm",,"Clothing / Jewelry","N",,"N",,
"Bits Du Jour","http://www.bitsdujour.com/",,"Electronics / Computers","Y","http://bitsdujour.com/rss","Y","http://www.bitsdujour.com/partnerAffiliateInfo",
"Bling Daily","http://blingdaily.com/",,"Clothing / Jewelry","Y","http://www.blingdaily.com/rss.php","N",,
"Boarders Best Buy","http://www.boardersbestbuy.com/",,"Outdoors / Sports","Y","http://feeds.feedburner.com/BoardersBestBuy?format=xml","N",,
"Bolt Athletics","http://www.boltathletics.com/",,"Outdoors / Sports","N",,"Y","http://www.boltathletics.com/bolttv/feed/",
"BombDeez","http://www.bombdeez.com/",,"?","Y","http://www.bombdeez.com/rss.php","N",,
"BonkTown","http://www.bonktown.com",,"Outdoors / Sports","Y","http://rss.bonktown.com/docs/bonktown/rss.xml","Y","http://www.backcountrycorp.com/corporate/section/5/affiliate.html",
"Bowlingball.com","http://www.bowlingball.com/",,"Outdoors / Sports","N",,"N",,
"Bowtie Expressions","http://www.bowtie-expressions.com/assorted-bow-ties.html",,"Clothing / Jewelry","N",,"N",,
"Budo Bargain","http://www.budovideos.com/shop/customer/bargain.php",,"?","Y","http://www.budovideos.com/shop/customer/bargain.xml","Y","http://www.budovideos.com/shop/customer/partner_signup.php",
"Bump Bargains","http://www.bumpbargains.com/",,"Clothing / Jewelry","Y","http://feeds.feedburner.com/bumpbargains","N",,
"Buy.com","http://www.buy.com/retail/clearance/todays_deals.asp",,"?","N",,"Y","http://www.buy.com/corp/affiliate.asp?loc=13895",
"Buzzer Beater","http://www.thebuzzerbeater.com/",,"Outdoors / Sports","Y","http://www.thebuzzerbeater.com/rss/index.php","N",,
"Caddies Bag","https://www.caddiesbag.com/",,"Outdoors / Sports","Y","https://www.caddiesbag.com/index.php/rss","N",,
"CamoFire","https://www.camofire.com/",,"Outdoors / Sports","Y","https://www.camofire.com/index.php/rss","N",,
"CandiesDelight","http://www.candiesdelight.com/Deal_Of_The_Day_s/111.htm",,"Food / Cooking","N",,"Y","http://www.candiesdelight.com/affiliate_info.asp",
"Cell Freaks","http://www.cellfreeks.com/deal_of_the_day.asp",,"Electronics / Computers","N",,"N",,
"CellHut","http://www.cellhut.com/",,"Electronics / Computers","Y","http://www.cellhut.com/CellhutDealsRSS.xml","N",,
"Chainlove","http://www.chainlove.com/",,"Outdoors / Sports","Y","http://rss.chainlove.com/docs/chainlove/rss.xml","Y","http://www.backcountrycorp.com/corporate/section/5/affiliate.html",
"Choxster","http://www.choxster.com/",,"?","N",,"N",,
"ChronoShark","http://www.chronoshark.com/",,"Clothing / Jewelry","Y","http://feeds.feedburner.com/Chronoshark-DailyDeal?format=xml","Y",,
"Cigar Monster","http://www.cigarmonster.com",,"?","Y","http://www.cigarmonster.com/rss/cigarmonster.xml","N",,
"Cinderella Wine","http://cinderellawine.com/",,"Household","N",,"N",,
"CloseoutMania","http://www.closeoutmania.com/",,"Clothing / Jewelry","N",,"Y","http://www.shareasale.com/shareasale.cfm?merchantid=24030",
"Collections Etc.","http://www.collectionsetc.com/Products/Sale/category.aspx/_/N-nd1s",,"Household","N",,"Y","http://www.collectionsetc.com/helpaffiliate.aspx",
"Copy Fax Deals","http://www.copyfaxdeals.com/",,"Electronics / Computers","Y","http://www.copyfaxdeals.com/rssfeed.xml","N",,
"CowBoom","http://www.cowboom.com/deal-of-the-day.cfm",,"Electronics / Computers","Y","http://www.cowboom.com/rss/feed.cfm?type=1","Y","http://www.cowboom.com/Affiliates",
"Crazy DOD","http://crazydod.com/",,"?","N",,"N",,
"Creative Brains","http://www.creativebrainsonline.com/DEAL-OF-THE-DAY_c_22.html",,"?","N",,"N",,
"Croton Watch","http://www.crotonwatchdod.com/",,"Clothing / Jewelry","Y","http://www.crotonwatchdod.com/getFeed.ashx?src=dod","N",,
"Cuff-Daddy","http://www.cuff-daddy.com/",,"Clothing / Jewelry","N",,"N",,
"Daily Checkout","http://dailycheckout.com/",,"Electronics / Computers","Y","http://feeds.feedburner.com/dailycheckout/akjp?format=xml","N",,"Multiple Deals on site - see site"
"Daily Cigar Deal","http://dailycigardeal.com/",,"?","Y","http://dailycigardeal.com/dailydeal/ccCigarDealsRss.asp","N",,
"Daily Gem Deals","http://www.dailygemdeals.com/",,"Clothing / Jewelry","N",,"Y","http://www.dailygemdeals.com/affiliate.htm",
"Daily Imprint","http://www.dailyimprint.com/",,"?","N",,"Y","http://www.dailyimprint.com/affiliates/",
"Daily Memoires","http://www.dailymemories.com/",,"Household","Y","http://www.dailymemories.com/rss.php","N",,
"Daily Sales For You Mens","http://www.dailysalesforyou.com/Mens-Watch-Deal",,"Clothing / Jewelry","N",,"N",,
"Daily Sales For You Special","http://www.dailysalesforyou.com/Special-Watch-Deal",,"Clothing / Jewelry","N",,"N",,
"Daily Sales For You Womens","http://www.dailysalesforyou.com/Womens-Watch-Deal",,"Clothing / Jewelry","N",,"N",,
"Daily Shades","http://www.dailyshades.com/",,"Clothing / Jewelry","N",,"N",,
"Daily Steals","http://www.dailysteals.com/",,"?","Y","http://www.dailysteals.com/RSS.aspx","N",,
"Daily Steals Home","http://home.dailysteals.com/",,"Household","Y","http://home.dailysteals.com/RSS.aspx","N",,
"Daily Steals Luxury","http://luxury.dailysteals.com/",,"Clothing / Jewelry","Y","http://luxury.dailysteals.com/RSS.aspx","N",,
"Daily Steals Mobile","http://mobile.dailysteals.com/",,"Electronics / Computers","Y","http://mobile.dailysteals.com/RSS.aspx","N",,
"Daily Steals Toys","http://toys.dailysteals.com/",,"Household","Y","http://toys.dailysteals.com/RSS.aspx",,,
"dailydeals.net","http://www.dailydeals.net/",,"?","Y","http://www.dailydeals.net/x-rss.products.aspx","N",,
"Deal a Day","http://www.dealaday.org/",,"?","N",,"N",,
"Deal a Day Golf","http://dealadaygolf.com/",,"Outdoors / Sports","N",,"N",,
"Deal a Day Golf Past","http://dealadaygolf.com/pastdeals.php",,"Outdoors / Sports","N",,"N",,"Multiple Deals - See site"
"Deal A Day Golf Weekly","http://dealadaygolf.com/weeklydeals.php",,"Outdoors / Sports","N",,"N",,"Multiple Deals - See site"
"Deal a Day Wake","http://www.dealadaywake.com/",,"Outdoors / Sports","Y","http://feeds2.feedburner.com/DealADayWakeProducts","N",,
"Deal Only","http://www.dealonly.com/",,"?","N",,"N",,
"dealdotcom","http://www.dealdotcom.com/home",,"?","Y","http://feeds.feedburner.com/dealdotcom","Y","http://www.dealdotcom.com/blog/category/affiliate-stuff/",
"DealExtreme","http://www.dealextreme.com/",,"Electronics / Computers","Y","http://www.dealextreme.com/rss.dx","Y","http://www.dealextreme.com/affiliates/","Post multiple deals"
"Dealko","http://www.dealko.com/sale",,,"Y","http://www.dealko.com/rss.php","N",,
"DealPulp","http://dealpulp.com/",,"?","Y","http://feeds.feedburner.com/dealpulp?format=xml","Y","http://dealpulp.com/info/affiliate",
"Deals Click","http://www.dealsclick.com/",,"Electronics / Computers","N",,"N",,
"dealxpress","http://www.dealxpress.us/",,"Electronics / Computers","N",,"N",,
"Deep Discount","http://www.deepdiscount.com/deals_daily-deep-deal/",,"?","N",,"N",,
"Delight","http://www.delight.com/",,"Clothing / Jewelry","Y","https://feeds.feedburner.com/delight/eTJS","N",,
"Dell","http://accessories.us.dell.com/sna/sna.aspx?c=us&cs=19&l=en&s=dhs&~topic=daily_deals_available&~srd=true&sk=Daily_Deals&scat=prod&~srd=true&sk=daily_deals&scat=prod",,"Electronics / Computers","N",,"N",,
"Denali","http://www.shop-denali.com/Default.aspx",,"Outdoors / Sports","N",,"Y","http://www.shop-denali.com/Affliate.aspx",
"Dept of Deals","http://www.deptofdeals.com/",,"?","N",,"N",,"2nd deal on the site - see site"
"Desert Shaman","http://onedaydeal.net/Ancient-Incense-Smoke-Shop/index.php",,"?","Y","http://feeds.feedburner.com/desertshaman?format=xml","N",,
"Design By Humans","http://www.designbyhumans.com/",,"Clothing / Jewelry","N",,"N",,
"DiamondShark","http://www.diamondshark.com/",,"Clothing / Jewelry","Y","http://feeds.feedburner.com/Diamondshark-DailyDealRssFeed?format=xml","Y",,
"dillyeo","http://www.dillyeo.com/",,"?","N",,"Y","http://dillyeo.com/affiliates",
"DinoDirect","http://www.dinodirect.com/DailyDeal",,"?","N",,"N",,"5 Deals on site - see site"
"Direction","http://www.directron.com/",,"Electronics / Computers","N",,"N",,
"Discount Watch Store","http://dailydeal.discountwatchstore.com/cust/dailydealsteal.asp?d=0",,"Clothing / Jewelry","N",,"Y","http://www.shareasale.com/shareasale.cfm?merchantID=14490",
"DOD Genie","http://www.dodgenie.com",,"?","N",,"N",,
"DOD Hero","http://www.dodhero.com",,"?","N",,"N",,
"DOD Hero Sidekick","http://www.dodhero.com/index.php?main_page=index&cPath=9",,"?","N",,"N",,
"DownLowTooSlow","http://www.downlowtooslow.com/",,"Outdoors / Sports","Y","http://feeds.feedburner.com/DownLowTooSlow?format=xml","N",,
"dtagifts","http://www.dtagifts.com/",,"?","N",,"N",,
"EarlsTees","http://www.earlstees.com/shop/catalog/",,"Clothing / Jewelry","N",,"N",,
"Eastwood","http://www.eastwood.com/clearance.html/",,"?","Y","http://www.eastwood.com/rss/catalog/category/cid/32/store_id/1/","N",,"Multiple Deals - See site"
"EasyStreetDeals","http://www.easystreetdeals.com/",,"?","N",,"Y","http://www.easystreetdeals.com/login.asp","Multiple deals - see site"
"eBags","http://www.ebags.com/",,"Household","N",,"N",,
"eBay Daily Deals","http://deals.ebay.com/",,"?","Y","http://deals.ebay.com/feeds/rss","N",,"Multiple deals - see site"
"Eco Baby Buys","https://www.ecobabybuys.com/",,"Household","Y","https://www.ecobabybuys.com/feeds/index.xml","N",,
"eCost","http://www.ecost.com/Email/HotSheet.aspx",,"Electronics / Computers","Y","http://feeds.feedburner.com/eCOSTDealAlert?format=xml","Y","http://www.ecost.com/Helpdesk/Affiliates.aspx","Multiple deals - see site"
"Ecosteal","http://www.ecosteal.com/",,"Household","Y","http://feeds2.feedburner.com/EcostealDealOfTheDay","N",,
"EjectIT","http://www.ejectit.com/",,"Electronics / Computers","Y","http://www.ejectit.com/rss.aspx","N",,
"Electronics Expo","http://www.electronics-expo.com/",,"Electronics / Computers","N",,"N",,
"Eternal Snow","http://www.eternalsnow.com/steal-of-the-day.html",,"Outdoors / Sports","N",,"N",,
"eWatches","http://www.ewatches.com/",,"Clothing / Jewelry","N",,"Y","https://signup.cj.com/member/brandedPublisherSignUp.do?air_refmerchantid=",
"eWatches Hourly","http://www.ewatches.com/cust/hourlydeal.asp",,"Clothing / Jewelry","Y",,"Y","https://signup.cj.com/member/brandedPublisherSignUp.do?air_refmerchantid=",
"fab","http://fab.com/deals/",,"?","N",,"N",,"Multiple deals - see site"
"Fabric.com","http://www.fabric.com/Index.aspx",,"Household","N",,"Y","http://www.fabric.com/SitePages/Affiliate.aspx",
"Family Video","http://www.familyvideo.com/catalog/pod_history.php",,"Electronics / Computers","N",,"N",,
"Field Junky","http://www.fieldjunky.com/",,"Outdoors / Sports","N",,"Y","http://www.fieldjunky.com/Affiliates-Program",
"Flowers to Flourishes","http://www.flowerstoflourishes.com/",,"Household","N",,"N",,
"Fourteen Stix","http://www.14stix.com/",,"Outdoors / Sports","Y","http://feeds2.feedburner.com/14stix","N",,
"Fraction Price","http://www.fractionprice.com/cust/dailydealsteal.asp",,"Clothing / Jewelry","Y","http://www.fractionprice.com/cust/RSSDDS.ASP","Y","http://www.fractionprice.com/cust/affiliatesignup.asp?d=0&rid=TDxISTuGgFA-nwkvFlmftfQqwcpgUP6XLQ",
"Fragrance Brand","http://www.fragrancebrand.com/",,"Household","Y","http://www.fragrancebrand.com/feed/","N",,
"Friends and Family Circle","https://www.friendsandfamilycircle.com/",,"?","N",,"N",,
"Froobi","http://www.froobi.com/",,"?","N",,"N",,
"Froobi Watch","http://www.froobi.com/watch-1.html",,"Clothing / Jewelry","N",,"N",,
"Fruper!","http://fruper.com/",,"?","N",,"N",,
"Fububling","http://www.fububling.com/",,"?","N",,"N",,
"Game Access","http://gameaccess.ca/Game-Store-DealOfTheDay.htm",,"Electronics / Computers","N",,"Y","http://www.gameaccesscash.com/",
"Game Deal Daily","http://www.gamedealdaily.com/",,"Electronics / Computers","Y","http://www.gamedealdaily.com/rss/","N",,
"Game du jour","http://www.gamedujour.com/",,"Electronics / Computers","Y","http://www.gamedujour.com/feed","N",,
"Game Giveaway of the Day","http://game.giveawayoftheday.com/",,"Electronics / Computers","Y","http://game.giveawayoftheday.com/feed/","N",,
"Gardens Alive!","http://www.gardensalive.com/",,"Household","N",,"Y","http://www.gardensalive.com/article.asp?ai=175",
"gearSlash","http://www.gearslash.com/",,"Outdoors / Sports","N",,"Y","http://www.solsticesupply.com/servlet/the-template/affiliate_program/Page",
"GearXS","http://www.gearxs.com/store/",,"Electronics / Computers","Y","(bottom of page)","N",,"Multiple deals - see site"
"Geeks.com","http://www.geeks.com/one-day-deal/",,"Electronics / Computers","Y","http://feeds.feedburner.com/GeekscomPromotionsBlog?format=xml","Y","http://www.geeks.com/affiliates/",
"Gemnation","http://www.gemnation.com/watches/Deal-Of-The-Day.html",,"Clothing / Jewelry","Y","http://www.gemnation.com/watches/Deal-Of-The-Day.rss","N",,
"Get A Jacket Now","http://www.getajacketnow.com/",,"Clothing / Jewelry","Y","http://www.getajacketnow.com/rss.xml","N",,
"Get a Rock","http://getarock.com/",,"Clothing / Jewelry","N",,"N",,
"getzs","http://www.getzs.com/",,"Clothing / Jewelry","N",,"Y","http://www.getzs.com/Commision-Junction/help/58/",
"Giftsprings","http://www.giftsprings.com/index.html",,"Household","N",,"Y","http://www.giftsprings.com/Merchant2/merchant.mv?Screen=CTGY&Category_Code=AFFILPGM",
"Give Me Jewels","http://www.givemejewels.com/",,"Clothing / Jewelry","N",,"N",,
"Giveaway of the Day","http://www.giveawayoftheday.com/",,"Electronics / Computers","Y","http://www.giveawayoftheday.com/feed/","N",,
"GoDaddy.com","(need to sign up for it)",,,,,,,
"goingTODAY","http://www.goingtoday.com/",,"?","Y","http://www.goingtoday.com/rssfeed.cfm","N",,
"Golf Discount","http://www.golfdiscount.com/deal_of_the_day",,"Outdoors / Sports","N",,"Y","http://www.golfdiscount.com/affiliate",
"golfballs.com","http://www.golfballs.com/DealADay.aspx",,"Outdoors / Sports","N",,"N",,
"Golfsmith","http://www.golfsmith.com/",,"Outdoors / Sports","N",,"Y","https://signup.cj.com/member/brandedPublisherSignUp.do?air_refmerchantid=1169237",
"Good Deals 18","http://www.gooddeals18.com/category/deal_of_the_day/",,"Electronics / Computers","N",,"N",,
"Grab My Deal","http://www.grabmydeal.com/index.php/current-deal.html",,"?","N",,"N",,
"GraveyardMall","http://www.graveyardmall.com/categories/Daily-Deal/",,"?","Y","http://www.graveyardmall.com/pages/RSS.html","N",,
"GreaTiming","http://www.greattiming.net/side_bar_special",,"Clothing / Jewelry","N",,"N",,
"GreenSteal","http://www.greensteal.com/",,"Household","Y","http://www.greensteal.com/images/xml/133/rss.xml","N",,
"Handbag Steals","http://www.handbagsteals.com",,"Clothing / Jewelry","Y","http://www.handbagsteals.com/deal/feed","N",,
"Happy Home","http://www.ehappyhome.info/",,"Household","N",,"N",,
"Harbor Freight Tools","http://www.harborfreight.com/deal-of-the-day.html",,"Household","N",,"N",,
"Hartford York","http://www.hartfordyork.com/category/daily-deal",,"Clothing / Jewelry","N",,"N",,"Two deals - see site"
"HatADay","http://www.hataday.com/","Done","Clothing / Jewelry","Y","http://www.hataday.com/rss/index.php","N",,
"Heartland America","http://www.heartlandamerica.com/browse/deal_of_day.asp",,"?","Y","http://www.heartlandamerica.com/browse/rss.asp","N",,
"Heels.com","http://www.heels.com/deal-of-the-day",,"Clothing / Jewelry","N",,"Y","http://www.heels.com/info/affiliate-program",
"Heels.com","http://www.heels.com/heel-of-the-day",,"Clothing / Jewelry","N",,"Y","http://www.heels.com/info/affiliate-program",
"Hip Green Deals","http://www.hipgreendeals.com/",,"Clothing / Jewelry","Y","http://hipgreendeals.com/rss-feed.aspx","N",,
"Hollywood Toys & Costumes","http://blog.hollywoodtoysandcostumes.com/",,"?","Y","http://blog.hollywoodtoysandcostumes.com/feed/","Y","http://www.hollywoodtoysandcostumes.com/affiliate_program.php",
"HorseLoverz","http://www.horseloverz.com/c-Deals-of-the-Day-1020.html",,"?","N",,"N",,
"Housewares Deals","http://www.housewaresdeals.com/on/demandware.store/Sites-HousewaresDeals-Site/default/Home-Show",,"Household","Y","http://www.housewaresdeals.com/on/demandware.store/Sites-HousewaresDeals-Site/default/Home-RSS","N","http://www.housewaresdeals.com/Affiliate-Program/affiliate-program,default,pg.html",
"HSN","http://www.hsn.com/todays-special_xh.aspx",,"?","Y","http://rss.hsn.com/Todays-Special?cm_mmc=rss*TS*4","Y","http://www.hsn.com/become-an-affiliate_at-4685_xa.aspx?nolnav=1&cm_sp=Global*BN*Affiliate",
"I Have To Have That","http://www.ihavetohavethat.com/",,"?","N",,"Y",,
"indie bike","http://www.indiebike.com/The-Peloton/Deal-of-the-Day",,"Outdoors / Sports","N",,"N",,
"Indie Jewels","http://indiejewels.com/",,"Clothing / Jewelry","Y","http://feeds.feedburner.com/IndieJewels","N",,
"Inspired Silver","http://www.inspiredsilver.com/deal-of-the-day.html",,"Clothing / Jewelry","N",,"Y","http://www.inspiredsilver.com/p/affiliates.html",
"InvictaShark","http://invicta.chronoshark.com/",,"Clothing / Jewelry","Y","http://feeds.feedburner.com/InvictaShark-DailyDeal?format=xml","Y",,
"iomega","http://go.iomega.com/en-us/offer/deal-of-day/",,"Electronics / Computers","N",,"Y","https://signup.cj.com/member/brandedPublisherSignUp.do?air_refmerchantid=2410622",
"J&R","http://www.jr.com/promotions/deal-of-the-day/",,"Electronics / Computers","N",,"Y","http://www.jr.com/information/affiliates.jsp",
"Jack Rabbit DealoftheDay","http://jackrabbitdealoftheday.dodshops.com/",,"?","N",,"N",,
"Jewelry Shopping Club","http://www.jewelryshoppingclub.com/",,"Clothing / Jewelry","N",,"Y","http://www.jewelryshoppingclub.com/affiliate.aspx",
"JewelryDOD","http://www.jewelrydod.com/",,"Clothing / Jewelry","N",,"N",,
"Jizbee Daily","http://www.jizbee.com/",,"Electronics / Computers","N",,"N",,
"Jizbee Free","http://www.jizbee.com/free/",,"?","N",,"N",,
"Jizbee Jewelry","http://www.jizbee.com/jewelry/",,"Clothing / Jewelry","N",,"N",,
"Jizbee Random","http://www.jizbee.com/random/",,"?","N",,"N",,
"Jizbee Toy","http://www.jizbee.com/toy/",,"Household","N",,"N",,
"Jizbee Watch","http://www.jizbee.com/watch/",,"Clothing / Jewelry","N",,"N",,
"Joe Cigar","http://www.joecigar.com/index.asp",,"?","Y","http://www.joecigar.com/jcRss.asp","N",,
"Joe's New Balance Outlet","http://www.joesnewbalanceoutlet.com/",,"Clothing / Jewelry","Y","http://www.joesnewbalanceoutlet.com/rss/daily_deals_rss.xml","Y","https://signup.cj.com/member/brandedPublisherSignUp.do?air_refmerchantid=2720657",
"Joma Deals Fashion","http://www.jomadeals.com/handbag/",,"Household","Y","http://www.jomadeals.com/handbag/feed.aspx","Y","commjunct",
"Joma Deals Luxury","http://www.jomadeals.com/luxury/",,"Clothing / Jewelry","Y","http://www.jomadeals.com/luxury/feed.aspx","Y","commjunct",
"Joma Deals Watches","http://www.jomadeals.com/",,"Clothing / Jewelry","Y","http://www.jomadeals.com/feed.aspx","Y","commjunct",
"Joolwe","http://www.joolwe.com/steal-of-the-day.html",,"Clothing / Jewelry","Y","http://www.joolwe.com/rss/","Y","http://www.joolwe.com/become-an-affiliate/",
"JoS A Bank","http://www.josbank.com/menswear/shop/SubCategory_11001_10050_9252000",,"Clothing / Jewelry","Y","http://hub.shoppesimple.com/for/josbank/","N",,
"JoyLot","http://www.joylot.com/store_pages/Joy-Of-The-Day.cfm",,"?","Y","http://www.joylot.com/Feeds/Daily-Deals/Daily-Deals.xml","Y","http://www.joylot.com/info/JoyLot-Affiliate.cfm",
"Judaica Bargains","http://www.judaicabargains.com/",,"Clothing / Jewelry","Y","http://judaicabargains.com/rss.php","N",,
"justdeals","http://www.justdeals.com/",,"?","Y","http://www.justdeals.com/index.php?format=feed&type=rss",,,
"Kaching Kaching","http://www.kachingkachingstore.com/",,"?","N",,"N",,"3 Deals - see site"
"Kid Steals","http://www.kidsteals.com/",,"Clothing / Jewelry","Y","http://www.kidsteals.com/feed/atom.xml","N",,
"kids.woot!","http://kids.woot.com/",,"?","Y","http://kids.woot.com/Blog/Feed.ashx","N",,
"Kindred Creations","http://www.kindredcreationsideas.blogspot.com/",,"Household","Y","http://feeds.feedburner.com/blogspot/vCPx?format=xml","N",,
"L. L. Bean","http://www.llbean.com/bin/TMM/TMM.cgi",,"Outdoors / Sports","N",,"N",,
"Lacrosse.com","http://www.lacrosse.com/Navigation.process?Ne=330&Srp=24&N=840",,"Outdoors / Sports","N",,"Y","http://www.lacrosse.com/sections/affiliates/index.php",
"Last Chance Road","http://lastchanceroad.com/",,"Clothing / Jewelry","Y","http://lastchanceroad.com/sales/feed.xml","Y","http://lastchanceroad.com/cash",
"Leather A Day","http://www.leatheraday.com/",,"Clothing / Jewelry","Y","http://www.leatheraday.com/rss/","N",,
"Lingerie Deal of the Day","http://lingeriedealoftheday.com/",,"Clothing / Jewelry","N",,"N",,
"Liquidation Channel","http://www.liquidationchannel.com/",,"Clothing / Jewelry","N",,"N",,
"Loco Deal","http://www.locodeal.com/",,"?","N",,"N",,
"LocoBuy","http://www.locobuy.com/",,"?","N",,"N",,
"Loot Pig","http://www.lootpig.com/",,"?","N",,"N",,
"Loving The Classics","http://www.lovingtheclassics.com/deal.html",,"Electronics / Computers","N",,"N",,
"Luggage Pros","http://www.luggagepros.com/",,"Household","N",,"Y","http://www.luggagepros.com/policies/affiliate.shtml",
"MacMall","http://www.macmall.com/n/Deal-Of-The-Day/macCustomPages-961?store=macmall",,"Electronics / Computers","N",,"Y","http://www.macmall.com/n/Affiliate-Network/macmsc-macmsc.67",
"MacUpdate Promo","http://www.mupromo.com/",,"Electronics / Computers","Y","http://feeds2.feedburner.com/macupdate/promo","Y","https://www.mupromo.com/affiliates",
"macZOT!","http://www.maczot.com/",,"Electronics / Computers","N",,"N",,
"Mama Bargains","http://www.mamabargains.com/",,"Clothing / Jewelry","Y","http://www.mamabargains.com/rss/","N",,
"Meijer","http://www.meijer.com/s/big-steals/_/N-5io?icid=hpdsthu",,"Outdoors / Sports","Y","http://www3.meijer.com/bigsteals.xml","Y","commjunct",
"Meritline","http://www.meritline.com/dailydeals.aspx",,"Electronics / Computers","N",,"Y","http://www.meritline.com/t-affiliate.aspx",
"Micro Center","http://www.microcenter.com/",,"Electronics / Computers","Y","http://feeds2.feedburner.com/MicroCenterDealOfTheDay","N",,
"Midnight Box","http://www.midnightbox.com/",,"?","Y","http://www.midnightbox.com/cgi-bin/rss.pl","N",,
"Midnight Box 2","http://www.midnightbox.com/",,"?","Y","http://www.midnightbox.com/cgi-bin/rss.pl","N",,
"Midnight Box 3","http://www.midnightbox.com/",,"?","Y","http://www.midnightbox.com/cgi-bin/rss.pl","N",,
"Midnight Steal","http://www.midnightsteal.com/",,"?","Y","http://feeds.feedburner.com/midnightsteal/FcPh?format=xml","N",,
"Mikasa","http://www.mikasa.com/",,"Household","N",,"Y","http://www.mikasa.com/Affiliate-Program/MIKASA_AFFILIATE_PROGRAM,default,pg.html",
"Mono Price","http://www.monoprice.com/home/index.asp",,"Electronics / Computers","N",,"N",,
"Montred","http://now.montred.com/",,"Clothing / Jewelry","Y","http://now.montred.com/feed/","Y","http://www.montred.com/affiliates/",
"Moonlight Special","http://www.moonlightspecial.com/",,"?","Y","http://www.moonlightspecial.com/rssfeed.cfm","N",,
"More Beer!","http://morebeer.com/",,"Food / Cooking","Y","http://feeds.feedburner.com/MoreBeerDealFeed","Y","http://moreflavor.postaffiliatepro.com/affiliates/",
"Moshells.com","http://www.moshells.com/",,"Household","N",,"N",,
"Mountain Gear","http://www.mountaingear.com/pages/product/dod.asp?&N=0",,"Outdoors / Sports","Y","http://www.mountaingear.com/deals.xml","N",,
"Mr. Watch","http://www.mrwatch.com/Hot_Deal_of_the_Day-6_sale.html",,"Clothing / Jewelry","Y","http://www.mrwatch.com/rss_text.xml","Y","http://www.mrwatch.com/affiliate_program-13-info.html",
"Muscle & Strength","http://www.muscleandstrength.com/store/deal.html",,"Health / Beauty","Y","http://feeds.feedburner.com/muscleandstrengthstore?format=xml","Y","http://www.muscleandstrength.com/affiliate-program.html",
"Musician's Friend","http://www.musiciansfriend.com/stupid",,"Electronics / Computers","Y","http://feeds.feedburner.com/Musicians-Friend-Stupid-Deal?format=xml","Y","https://signup.cj.com/member/brandedPublisherSignUp.do?air_refmerchantid=1496477",
"My Bling Spot","http://myblingspot.dodshops.com/",,"Clothing / Jewelry","N",,"N",,
"My Jewelry Box","http://www.myjewelrybox.com/",,"Clothing / Jewelry","Y","http://www.myjewelrybox.com/media/rss/MyJewelryBoxcomBargainofTheDay.xml","Y","http://www.myjewelrybox.com/?section=becomeAffiliate",
"My Safety Shield","http://www.mysafetyshield.com/",,"?","Y","http://www.mysafetyshield.com/todaydeal_rss.asp","N",,
"Nerdy Shirts","http://www.nerdyshirts.com/dailydeal",,"Clothing / Jewelry","Y","http://nerdyshirts.disqus.com/admiral_ackbars_its_a_trap_funny_t_shirt/latest.rss","Y","http://www.nerdyshirts.com/help/affiliates",
"Netaya","http://deal.netaya.com/",,"Clothing / Jewelry","N",,"Y","http://www.netaya.com/affiliate.html",
"New Day New Deal","https://www.newdaynewdeal.com/",,,,,,,
"NewDaVincis","http://www.newdavincis.com/specials.html",,"?","N",,"N",,
"NewDaVincis 30 Minute","http://www.newdavincis.com/specials.html",,"?","N",,"N",,
"NewEgg","http://www.newegg.com/Special/ShellShocker.aspx",,"Electronics / Computers","Y","http://www.newegg.com/Product/RSS.aspx?Submit=ShellShocker","Y","http://www.newegg.com/Info/Affiliates.aspx",
"NewEgg Daily Deals","http://www.newegg.com/DailyDeal.aspx?name=DailyDeal",,"Electronics / Computers","Y","http://www.newegg.com/Product/RSS.aspx?Submit=RSSDailyDeals","Y","http://www.newegg.com/Info/Affiliates.aspx","48 deals - list them all"
"NewEgg Mall","http://www.neweggmall.com/Default.aspx",,"?","N",,"Y","http://www.newegg.com/Info/Affiliates.aspx",
"Next Day Watches","http://www.nextdaywatches.com/",,"Clothing / Jewelry","N",,"N",,
"Noon Day Deal","http://www.noondaydeal.com/",,"?","Y","http://www.noondaydeal.com/rss/","N",,
"Nothing But Software","http://www.nothingbutsoftware.com/dailydeal.asp",,"Electronics / Computers","N",,"N",,
"nycloseout","http://nycloseout.dodshops.com/",,"?","N",,"N",,
"Oh Buy It!","http://ohbuyit.com/",,"?","N",,"N",,
"Oh Loot","http://www.ohloot.com/",,"Clothing / Jewelry","Y","http://www.ohloot.com/data/deals.xml","N",,"Two deals on site - see site"
"Oh Loot Bonus","http://www.ohloot.com/bonusdeal/",,"Clothing / Jewelry","Y","http://www.ohloot.com/data/deals.xml","N",,
"Omaha Steaks","http://www.omahasteaks.com/servlet/OnlineShopping?Dsp=237",,"Household","N",,"Y","http://www.omahasteaks.com/servlet/OnlineShopping?Dsp=237",
"On Your Eyes","http://www.onyoureyes.com/",,"Clothing / Jewelry","Y","http://feeds.feedburner.com/OnYourEyes","N",,
"One A Day Deal","http://www.oneadaydeal.com/",,"?","Y","http://feeds.feedburner.com/OneADayDeal","N",,
"One Call","http://www.onecall.com/",,"Electronics / Computers","N",,"Y","http://affiliates.onecall.com/",
"One Small Store","http://www.onesmallstore.com/catalog/193/1/Deal_of_the_Day!.html",,"Electronics / Computers","N",,"N",,
"One Tool A Day","http://www.onetooladay.com/",,"?","N",,"N",,
"Orange Onions","http://www.orangeonions.com/category/peel_of_the_day/",,"Household","Y","http://static.zoovy.com/rss/orangeonions/RSSDOD.xml","N",,
"Organize.com","http://www.organize.com/",,"Household","N",,"Y","https://signup.cj.com/member/brandedPublisherSignUp.do?air_refmerchantid=1530314",
"Orion","http://www.telescope.com/control/product/~category_id=HP_DealDayZone/~pcategory=HOMEPAGE/~product_id=09925",,"Outdoors / Sports","N",,"Y","http://www.telescope.com/rsc/img/catalog/affiliate/affiliate-imaginova.html",
"ORS Direct","http://www.orsdirect.com/",,"Outdoors / Sports","N",,"N",,
"Out In Style","http://www.outinstyle.com/",,"Outdoors / Sports","N",,"Y","http://www.outinstyle.com/info/affiliate.html",
"Outdoor Daily","http://www.outdoordaily.com/",,"Outdoors / Sports","Y","http://www.outdoordaily.com/rss.php","N",,
"Overstock.com","?",,"?","?","?","?",,
"OverstockDrugstore","http://www.overstockdrugstore.com/index.php",,"Household","N",,"N",,
"PacificGeek","http://www.pacificgeek.com/nooner.asp",,"Electronics / Computers","Y","http://www.pacificgeek.com/rss/nooner-rss.asp","Y","https://www.connectcommerce.com/secure/partner_app_alt.html?ccmid=21000000000237615",
"PacSun Mens","http://shop.pacsun.com/content.jsp?pageName=sale",,"Clothing / Jewelry","Y","http://feeds.pacsun.com/PacsunDailyDeals?format=xml","Y","http://shop.pacsun.com/affiliates",
"PacSun Womens","http://shop.pacsun.com/content.jsp?pageName=sale",,"Clothing / Jewelry","Y","http://feeds.pacsun.com/PacsunDailyDeals?format=xml","Y","http://shop.pacsun.com/affiliates",
"Paws 4 Deals","http://www.paws4deals.com/",,"Household","Y","http://www.paws4deals.com/index.php?main_page=rss_feed&feed=products&products_id=271&zenid=fa4ff92666ab22351fd99a229a0bdd5f","Y","http://www.shareasale.com/shareasale.cfm?merchantID=21349",
"Paws Choice","http://www.pawschoice.com/deal-of-the-day.aspx",,"Household","N",,"Y","http://www.linkconnector.com/affiliateprogram.htm?mid=20809&asid=54171&lct=s",
"Peachy Cheap","http://www.peachycheap.com/",,"?","Y","http://peachycheap.com/index.php?main_page=rss_feed&feed=specials","N",,
"Pennywise","http://www.pennywise.biz/",,"?","Y","http://www.pennywise.biz/rss.php?PHPSESSID=scgps0n25p08rgrg5lghf6ts35","N",,
"Performance Bicycle","http://www.performancebike.com/",,"Outdoors / Sports","N",,"Y","http://www.performancebike.com/bikes/Content_10052_10551_-1_Affiliate",
"Perfume A Day","http://www.perfumeaday.org/",,"Household","Y","http://www.perfumeaday.org/rss/",,,
"Pet Simply","http://petsimply.com/deal/",,"?","N",,"Y","http://petsimply.com/affiliate/",
"Pfaltzgraff","http://www.pfaltzgraff.com/",,"Household","N",,"Y","http://www.pfaltzgraff.com/dinnerware-cookware/AFFILIATE_PROGRAM,default,pg.html",
"Price Plunge","http://www.priceplunge.com/",,"?","Y","http://feeds.feedburner.com/PricePlungeDailyDeals","Y","http://www.priceplunge.com/Forms/13-Affiliate-Program",
"ProHealth","http://www.prohealth.com/index.cfm",,"Household","Y","http://feeds.prohealth.com/Prohealth_DealOfTheDay?format=xml","Y","http://www.prohealth.com/affiliates/index.cfm",
"Projector People","http://www.projectorpeople.com/deal/default.asp",,"Electronics / Computers","Y","http://www.projectorpeople.com/deal/xmlfeed.asp","N",,
"Property Room","http://propertyroom.com/Catalog.aspx?Category=Steal%20of%20the%20Day&CategoryId=355",,"?","N",,"N",,
"PulseTV","http://deal.pulsetv.com/",,"?","N",,"Y","http://www2.pulsetv.com/dod.asp",
"PulseTV 2","http://www2.pulsetv.com/deals.asp",,"?","N",,"Y","http://www2.pulsetv.com/dod.asp",
"QLIQO","http://www.qliqo.com/",,"?","N",,"N",,"Multiple deals - see site"
"QuickFire!","http://www.quickfiredeal.com/",,"?","N",,"N",,
"QVC","http://www.qvc.com/qic/qvcapp.aspx/app.detail/params.item.tsv!.tpl.tsv.CM_SCID.TSV",,"Household","Y","http://service.qvc.com/qrss/feed.aspx?type=tsv&rewrite=no&cm_ven=RSS","Y","http://www.qvc.com/cgen/render.aspx?qp=promo|QVCAffiliates&rewrite=no",
"Razor Dog Deals","http://www.razordogdeals.com/",,"Electronics / Computers","N",,"N",,"Multiple deals - see site"
"Red Tag Crazy","http://redtagcrazy.com/",,"Clothing / Jewelry","Y","http://redtagcrazy.com/sales/feed.xml","Y","http://redtagcrazy.com/cash",
"Red Tag Sports","http://www.redtagsports.com/",,"Outdoors / Sports","Y","http://www.redtagsports.com/rss.xml","Y","?",
"Reel A Deal","http://reeladeal.com/",,"Outdoors / Sports","N",,"N",,
"REI Outlet","http://www.rei.com/cj/outlet/deal-of-the-day",,"Outdoors / Sports","Y","http://www.rei.com/outlet/rei-outlet-rss2.xml","Y","http://www.rei.com/outlet/affiliates/index.html",
"RIPT","http://riptapparel.com/",,"Clothing / Jewelry","Y","http://feeds2.feedburner.com/riptapparel","Y","https://secure.riptapparel.com/affiliate/affiliateSignupLoad.do?merchantId=RIPT&referralSource=",
"Roast of the Day","http://www.roastoftheday.com/",,"?","Y","http://feeds.feedburner.com/RoastOfTheDayRssFeed","N",,
"Rock Bottom Golf","http://search.rockbottomgolf.com/dealoftheday.html",,"Outdoors / Sports","N",,"Y","http://www.rockbottomgolf.com/affiliate-program.html",
"Roozt","http://www.roozt.com/",,"?","N",,"Y","http://www.roozt.com/Partners/c5/pages.html",
"rubybag","http://www.rubybag.com/",,"Clothing / Jewelry","N",,"N",,
"RugSale","http://www.rugsale.com/rug_sale_deal_of_the_day.html",,"Household","N",,"N",,
"ScoobyDeal","http://www.scoobydeal.com/",,"Electronics / Computers","Y","http://feeds.feedburner.com/scoobydeal","N",,
"Scope A Day","http://www.scopeaday.com/",,"Outdoors / Sports","Y","http://www.scopeaday.com/rss/",,,
"Scrapbook Steals","http://www.scrapbooksteals.com/",,"Household","Y","http://www.scrapbooksteals.com/feed/atom.xml","N",,
"Scrappin Deals 'n Steals","http://www.scrappindealsnsteals.com/",,"?","N",,"N",,
"Sears","http://www.sears.com/shc/s/dap_10153_12605_DAP_WOW+Specials?storeId=10153&vName=WOW+Specials&catalogInd=DAP&catalogId=12605&i_cntr=1299622707723",,"Household","N",,"N",,
"Sears Outlet","http://www.searsoutlet.com/",,"Household","N",,"N",,
"Secondipity","http://www.secondipity.com/info/dotd",,"Electronics / Computers","N",,"N",,
"sellout.woot!","http://sellout.woot.com/",,"?","Y","http://sellout.woot.com/Blog/Feed.ashx","N",,
"Selloutz","https://www.selloutz.com",,"Clothing / Jewelry","Y","http://feeds.feedburner.com/selloutz","N",,
"Server A Day","http://www.serveraday.com/",,"Electronics / Computers","N",,"N",,
"ShadeShark","http://www.shadeshark.com/",,"Clothing / Jewelry","Y","http://feeds.feedburner.com/Shadeshark-DailyDealRssFeed?format=xml","Y",,
"Shindigz","http://www.shindigz.com/dod.cfm",,"Household","N",,"N",,
"shirt.woot!","http://shirt.woot.com/",,"Clothing / Jewelry","Y","http://shirt.woot.com/Blog/Feed.ashx","N",,
"ShirtADay","http://www.shirtaday.com/",,"Clothing / Jewelry","Y","http://www.shirtaday.com/rss/","N",,
"Shnoop","http://www.shnoop.com/",,"?","Y","http://www.shnoop.com/rss.php?PHPSESSID=e0totb8g8je4k2mmllo257h2l5","N",,
"Shopping Channel","http://www.theshoppingchannel.com/home.do",,"Household","N",,"N",,
"Sierra Trading Post","http://www.sierratradingpost.com/BarnBurners/",,"?","Y","http://www.sierratradingpost.com/BarnBurners/rss.ashx","Y","http://www.sierratradingpostaffiliates.com/",
"SkinStore.com","http://www.skinstore.com/the-daily-special.aspx",,"Health / Beauty","N",,"Y","http://www.skinstore.com/affiliate-resource-center.aspx",
"Sky Auction","http://www.skyauction.com/deal-of-the-day.do",,"?","Y","http://www.skyauction.com/deal-of-the-day-feed.rss","N",,
"Slippery Rock Cigars","http://www.slipperyrockcigars.com/",,"Household","N",,"N",,
"SnaffStuff","http://www.snaggstuff.com/",,"Electronics / Computers","N",,"Y","http://snaggstuff.com/information.php?info_id=9",
"SneakaDeal","http://www.sneakadeal.com/",,"Outdoors / Sports","Y","http://www.sneakadeal.com/rss.php","N",,
"Sobongo","http://www.sobongo.com/daily-deal",,"?","N",,"Y","http://www.sobongo.com/affiliate",
"Sobongo","http://www.sobongo.com/daily-deal",,"?","N",,"Y","http://www.sobongo.com/affiliate",
"Soccer.com","http://www.soccer.com/Navigation.process?Ne=330&Srp=24&N=837",,"Outdoors / Sports","N",,"Y","http://www.soccer.com/channels/affiliates.php",
"Sonia B Finds","http://www.soniablive.com/",,"Clothing / Jewelry","N",,"N",,
"Sparkle Cartel","http://www.sparklecartel.com/",,"Clothing / Jewelry","Y","http://feeds.sparklecartel.com/thedeal.xml","Y","http://www.sparklecartel.com/affiliate.php",
"SparkleShark","http://www.sparkleshark.com/",,"Clothing / Jewelry","N",,"Y",,
"Specialty Store Services","http://www.specialtystoreservices.com/special.aspx",,"?","N",,"Y","http://www.linkconnector.com/affiliateprogram.htm?mid=20809&lct=s",
"Sports Zone Apparel","http://www.sportszoneapparel.com/",,"Outdoors / Sports","N",,"N",,
"Sportsmans Deal","http://www.sportsmansgeardaily.com/",,"Outdoors / Sports","N",,"N",,
"Start The Cart","http://startthecart.dodshops.com/",,"?","N",,"N",,
"Steal1","http://www.steal1.com/",,"?","N",,"N",,
"Steep And Cheap","http://www.steepandcheap.com",,"Outdoors / Sports","Y","http://rss.steepandcheap.com/docs/steepcheap/rss.xml","Y","http://www.backcountrycorp.com/corporate/section/5/affiliate.html",
"Summit Online","http://sale.summitonline.com/",,"Outdoors / Sports","N",,"Y","http://sale.summitonline.com/affiliates.php",
"Super Cute","http://www.supercutedod.com/",,"?","N",,"N",,
"Super Jeweler","http://www.superjeweler.com/IOD/default.asp",,"Clothing / Jewelry","N",,"Y","http://www.superjeweler.com/affiliate/",
"SuperBiiz","http://www.superbiiz.com/landing.php?id=0bc97b49879ca7e6b738a4aa36dda39d5530dbe1ead148365f1a2880d5035923",,"Electronics / Computers","N",,"Y","http://www.superbiiz.com/affiliates.php","Multiple deals - see site"
"SZUL","http://www.szul.com/szd",,"Clothing / Jewelry","N",,"Y","http://affiliates.szul.com/",
"T&T","http://www.tandtdailydeals.com/",,"?","N",,"N",,
"Tack of the Day","http://www.tackoftheday.com/",,"Outdoors / Sports","N",,"N",,
"Tack of the Day Bonus","http://www.tackoftheday.com/extra/default.aspx",,"Outdoors / Sports","N",,"N",,
"Tahoe Mountain Sports","http://www.tahoemountainsports.com/",,"Outdoors / Sports","N",,"Y","http://www.tahoemountainsports.com/affiliate_register",
"TakeTours","http://www.taketours.com/tour-of-the-day/",,"?","N",,"Y","http://www.taketours.com/affiliate/",
"Tanga","http://www.tanga.com/",,"?","Y","http://www.tanga.com/feeds/current_deal.xml","Y","http://www.tanga.com/affiliate",
"Tanga Accessories","http://www.tanga.com/",,"?","Y","http://www.tanga.com/feeds/current_deal.xml","Y","http://www.tanga.com/affiliate",
"Tanga Magazine","http://www.tanga.com/",,"Household","Y","http://www.tanga.com/feeds/current_deal.xml","Y","http://www.tanga.com/affiliate",
"Tanga Members","http://www.tanga.com/",,"?","Y","http://www.tanga.com/feeds/current_deal.xml","Y","http://www.tanga.com/affiliate",
"Tanga Misc","http://www.tanga.com/",,"?","Y","http://www.tanga.com/feeds/current_deal.xml","Y","http://www.tanga.com/affiliate",
"Tanga T-Shirts","http://www.tanga.com/",,"Clothing / Jewelry","Y","http://www.tanga.com/feeds/current_deal.xml","Y","http://www.tanga.com/affiliate",
"Tanzanite.com","http://www.tanzanite.com/item/?id=68&deal",,"Clothing / Jewelry","N",,"N",,
"Target","http://dailydeals.target.com/",,"?","N",,"Y","http://www.target.com/Affiliate-Program-Partnerships-Affiliates-Shopping/b/ref=nav_footer_affiliates?ie=UTF8&node=3008941",
"Tech For Less","http://www.techforless.com/cgi-bin/tech4less/hot_deal.html",,"Electronics / Computers","Y","http://www.techforless.com/rss/firesale.rss","Y","http://www.techforless.com/cgi-bin/tech4less/aff",
"Teediculous","http://www.teediculous.com/",,"Clothing / Jewelry","N",,"N",,
"TeeFury","http://www.teefury.com/",,"Clothing / Jewelry","Y","http://feeds.feedburner.com/TeefuryDailyTee?format=xml","N",,
"TGIFriday","http://fridays.qrs1.net/greatdealsapp/19qske9t.html",,"?","N",,"N",,
"The Golf Store","http://www.thegolfstoreonline.com/t-dealoftheday.aspx",,"Outdoors / Sports","N",,"N",,
"The House Boardshop","http://www.the-house.com/dealoftheday.html",,"Outdoors / Sports","N",,"Y","http://helpdesk.the-house.com/index.php?page=our_affiliate_program","Multiple deals - see site"
"The Now Deal","http://www.thenowdeal.com/",,"?","N",,"N",,
"The Watchery","http://www.thewatchery.com/watch-of-the-day",,"Clothing / Jewelry","N",,"Y","http://www.thewatchery.com/Affiliates/",
"The Wine Spies","http://thewinespies.com/",,"?","Y","http://feeds.feedburner.com/thewinespies?format=xml","N",,
"TheDeallio","http://thedeallio.com/",,"Electronics / Computers","N",,"N",,
"TheraBreath","http://www.therabreath.com/deal-of-the-day.asp",,"Health / Beauty","N",,"Y","http://www.therabreath.com/associate/",
"Thing Fling","http://www.thingfling.com/",,"?","Y","http://feed.thingfling.com/ThingflingRssFeed","N",,
"Thing Fling Closeouts","http://closeout.thingfling.com/",,"?","N",,"N",,
"Thing Fling House","http://house.thingfling.com/",,"Household","Y","http://feed.thingfling.com/HouseFlingRssFeed","N",,
"Thing Fling Watches","http://watches.thingfling.com/",,"Clothing / Jewelry","Y","http://feed.thingfling.com/WatchesFlingRssFeed","N",,
"Things From Another World","http://www.tfaw.com/dod/",,"Household","Y","http://www.tfaw.com/rss/deal_of_the_day_rss.php","Y","http://www.tfaw.com/Help/Affiliate-Information___168",
"Thong A Day","http://thongaday.com/",,"Clothing / Jewelry","Y","http://feeds.feedburner.com/ThongADayRssFeed?format=xml","N",,
"Tick.Qliqo","http://tick.qliqo.com/",,"?","N",,"N",,
"TigZoo","http://tigzoo.com/",,"Electronics / Computers","Y","http://tigzoo.com/feed/","N",,
"Titan Toys","http://www.titantoys.com/",,"?","N",,"Y","http://www.titantoys.com/affiliate_info.php?osCsid=f0fb9a340abe688ebf64aee47b9d0105",
"Tomo Buys","http://www.tomobuys.com/servlet/StoreFront",,"?","N",,"N",,
"Tooliday","http://www.tooliday.com/",,"?","Y","http://feeds.feedburner.com/tooliday","N",,
"Tooliday Accessory","http://accessory.tooliday.com/",,"?","N",,"N",,
"Tooliday Closeout","http://closeout.tooliday.com/",,"?","N",,"N",,
"Tooliday Recon","http://recon.tooliday.com/",,"?","N",,"N",,
"Totally Anything","http://www.totallyanything.com/",,"?","N",,"N",,
"Totally Cards","http://www.totally-cards.com/",,"?","N",,"N",,
"Trailblazer","http://www.shoptrailblazer.com/Default.aspx",,"Outdoors / Sports","N",,"Y","http://www.shoptrailblazer.com/Affliate.aspx",
"Triple Clicks","http://www.tripleclicks.com/",,"?","N",,"N",,
"uDealBest","http://www.udealbest.com/deal-of-the-day.html",,"?","Y","http://rss.icerocket.com/xmlfeed?id=420641","N",,
"uDealBest Watch","http://www.udealbest.com/watch-special.html",,"Clothing / Jewelry","N",,"N",,
"uDealBest Wireless","http://www.udealbest.com/wireless-special.html",,"Electronics / Computers","N",,"N",,
"uneetee","http://www.uneetee.com/categories/Today%27s-Insaneetee-Deal/",,"Clothing / Jewelry","Y","http://www.uneetee.com/pages/RSS-Syndication.html","N",,
"Upscale Time","http://www.upscaletime.com/",,"Clothing / Jewelry","N",,"N",,
"Vann's","http://www.vanns.com/shop/servlet/dealoftheday",,"Electronics / Computers","N",,"Y","http://www.vanns.com/shop/servlet/content/info/1059773978525/1",
"VitaBase","http://www.vitabase.com/supplements/daily-deal.aspx",,"Health / Beauty","N",,"Y","http://www.vitabase.com/affiliates/",
"VM Innovations","http://www.vminnovations.com/",,"?","N",,"N",,
"VolumeVote","http://www.volumevote.com/",,"?","N",,"N",,
"Walmart","http://www.walmart.com/cp/Value-of-the-Day/1058864?povid=cat14503-env172199-module101210-lLink1_VOD",,"Household","N",,"Y","http://affiliates.walmart.com/aff_home.jsp",
"WatchDiscounters","http://www.watchdiscounters.com/cust/dailydealsteal.asp",,"Clothing / Jewelry","Y","http://www.watchdiscounters.com/cust/RSSDDS.ASP","N",,
"WatchDOD","http://www.watchdealofday.com/",,"Clothing / Jewelry","?",,"?",,
"Watchismo","http://www.watchismo.com/",,"Clothing / Jewelry","N",,"N",,
"WeeklyCloseOuts","http://www.weeklycloseouts.com/page/en/home.aspx",,"Electronics / Computers","Y","http://www.weeklycloseouts.com/page/en/rss_feed.aspx","N",,
"WengerWatchDOD","http://www.wengerwatchdod.com/",,"Clothing / Jewelry","Y","http://www.wengerwatchdod.com/getFeed.ashx?src=dod","N",,
"Whey 2 Buy","http://www.whey2buy.com/",,"Health / Beauty","Y","http://www.whey2buy.com/rss","N",,
"wheycheap","http://www.wheycheap.com/",,"Health / Beauty","Y","http://feeds.feedburner.com/bodybuilding/wheycheap?format=xml","N",,
"Whiskey Militia","http://www.whiskeymilitia.com",,"Outdoors / Sports","Y","http://rss.whiskeymilitia.com/docs/wm/rss.xml","Y","http://www.backcountrycorp.com/corporate/section/5/affiliate.html",
"Wild Ties","http://www.wildties.com/ties/WS225687.html",,"Clothing / Jewelry","N",,"N",,
"Wine Express","http://www.wineexpress.com/",,"Food / Cooking","N",,"N",,
"Wine Twits","http://www.winetwitsdeals.com/",,"Food / Cooking","N",,"Y","http://www.winetwitsdeals.com/view.cfm?ID=55",
"wine.woot!","http://wine.woot.com/",,"Food / Cooking","Y","http://wine.woot.com/Blog/Feed.ashx","N",,
"Wired for Wine","http://www.wiredforwine.com/Featured_Wine.htm",,"Food / Cooking","N",,"Y","http://wiredforwine.com/Affiliate_Program",
"Womens Suits","http://www.womensuits.com/",,"Clothing / Jewelry","N",,"Y","http://www.shareasale.com/shareasale.cfm?merchantID=5343",
"woot!","http://www.woot.com/",,"Electronics / Computers","Y","http://www.woot.com/Blog/Feed.ashx","N",,
"World of Bags","http://www.worldofbags.com/D-O-W",,"?","N",,"N",,
"World of Watches","http://www.worldofwatches.com/cust/dailydealsteal.asp",,"Clothing / Jewelry","N",,"Y","http://www.worldofwatches.com/cust/affiliatesignup.asp?d=0",
"World of Watches for Her","http://www.worldofwatches.com/cust/dailydealladies.asp",,"Clothing / Jewelry","N",,"Y","http://www.worldofwatches.com/cust/affiliatesignup.asp?d=0",
"wozofoto","http://www.wozofoto.com/www/",,"?","Y","http://www.wozofoto.com/www/index.php?x=rss","N",,
"Writer's Digest Shop","http://www.writersdigestshop.com/category/deal_day",,"?","N",,"Y","https://www.connectcommerce.com/secure/partner_app_alt.html?ccmid=K199935",
"Wuslu","http://www.wuslu.com/",,"Household","Y","http://wuslu.com/rssFeed.xml","N",,
"Yugster","http://www.yugster.com/default.aspx",,"?","N",,"Y","http://www.yugster.com/dspAffiliates.aspx",
"Yugster Watch","http://www.watches.yugster.com/default.aspx",,"Clothing / Jewelry","Y","http://feeds2.feedburner.com/watchesyugstercom?format=xml","Y","http://www.yugster.com/dspAffiliates.aspx",
"Yugster YUG","http://www.yugster.com/dspYoursUntilGone.aspx",,"?","Y","http://feeds.feedburner.com/Yugstercom?format=xml","Y","http://www.yugster.com/dspAffiliates.aspx",
"Zalmar","http://www.zalmar.com/",,"?","N",,"Y","http://www.zalmar.com/affiliates.htm",
"ZipZoomfly","http://www.zipzoomfly.com/jsp/Special/FlyBuyDeal.jsp",,"Electronics / Computers","Y","http://www.zipzoomfly.com/RSS/product/ZipZoomfly_Weekly_Deals.rss","Y","http://www.zipzoomfly.com/jsp/Service/Affiliate.jsp",
"zooblu","http://www.zooblu.com/",,"?","Y","http://www.zooblu.com/dailydeal.xml","N",,
